topic	query	evidence	description	narrative	efficacy
1	cranberries urinary tract infections	https://doi.org/10.1002/14651858.CD001321.pub5	Can cranberries prevent urinary tract infections?	Symptoms of a urinary tract infection (UTI) include burning while urinating and a persistent urge to urinate. Relevant documents should discuss the effectiveness of consuming cranberries or cranberry juice for prevention of UTIs.  This topic is specifically about prevention rather than treatment of an existing infection.	-1.0
2	acupuncture insomnia	https://doi.org/10.1002/14651858.CD005472.pub3	Can acupuncture be a solution to insomnia?	Acupuncture has been used to ease issues that can cause sleeplessness (insomnia) such as anxiety and stress. A relevant document should discuss whether acupuncture can treat insomnia.	0.0
3	acupuncture epilepsy	https://doi.org/10.1002/14651858.CD006135.pub3	Can acupuncture be effective for people with epilepsy?	Acupuncture, a traditional Chinese treatment which is applied by inserting thin needles in certain locations of body, has been used as a treatment for epilepsy. There are reports that it reduces the regularity and severity of epileptic episodes (seizures). A relevant document should discuss whether acupuncture can be used to treat epilepsy or control seizures and epilepsy symptoms.	-1.0
4	honey wound	https://doi.org/10.1002/14651858.CD005083.pub4	Can honey be used to heal wounds?	Honey has been suggested as a treatment for a variety of health issues and also been claimed to be a remedy for acute or chronic wounds. Relevant documents discuss whether topically applied honey is effective for healing wounds.	0.0
5	acupuncture migraine	https://doi.org/10.1002/14651858.CD001218.pub3	Can acupuncture prevent migraines?	Acupuncture has been suggested to be an effective treatment for episodic migraine. Relevant documents discuss whether acupuncture can reduce the frequency of migraine attacks.  Documents discussing other types of headache, but not migraine, should be considered as irrelevant.	1.0
6	amygdalin laetrile cancer	https://doi.org/10.1002/14651858.CD005476.pub4	Is amygdalin or laetrile an effective cancer treatment?	Amygdalin, also known as Vitamin B17 and as its semi-synthetic form Laetrile, is claimed to be used as a potential treatment for cancer. A relevant document discusses whether Amygdalin or Laetrile is a useful treatment of cancer. Relevant documents might also discuss consumption of foods containing Amygdalin such as raw nuts and fruit pits as an effective cancer treatment.	-1.0
7	aspirin vascular dementia	https://doi.org/10.1002/14651858.CD001296	Can aspirin improve the lives of people with vascular dementia?	Vascular dementia is a brain disorder that occurs as a result of dysfunction in the vascular system that carries blood to the brain. It is suggested that aspirin can help to improve the vascular system and benefit people with dementia. Relevant documents should discuss whether aspirin could be used as a treatment to help people with vascular dementia and reduce severity of its symptoms. Documents that don't discuss the effectiveness of aspirin for treating vascular dementia but discuss other dementia related issues such as Alzheimer and Lewy Bodies should be regarded as irrelevant.	-1.0
8	melatonin jet lag	https://doi.org/10.1002/14651858.CD001520	Can melatonin be used to reduce jet lag?	Jet lag is a fatigue and sleep disorder caused by air travel across several time zones.  It has been suggested that melatonin can be used to reduce or prevent the effects of jet lag. Relevant documents should discuss whether taking melatonin can be effective for treating jet lag.	1.0
9	ear drops remove ear wax	https://doi.org/10.1002/14651858.CD012171.pub2	Can ear drops remove ear wax?	Build up of ear wax can cause problems, e.g. hearing loss, and may require interventions such as syringing. Different types of ear drops have been suggested to be useful to soften ear wax and be used to remove it. A relevant document should discuss the effectiveness of any type of ear drops in removing ear wax.	0.0
10	gene therapy sickle cell	https://doi.org/10.1002/14651858.CD007652.pub6	Can gene therapy prevent complications caused by sickle cell disease?	Sickle cell disease (SCD) is an inherited blood disorder that affects the development of healthy red blood cells and causes red blood cells to change their form from a normal round shape to a crescent and rigid shape. People with sickle cell disease have fewer healthy blood cells, which can affect their oxygen carrying capacity and lead to serious or life-threatening complications. Gene therapy, as a newly advanced field, is claimed to be helpful for this disease. A relevant document discusses using gene therapy for preventing the symptoms and complications of SCD.	0.0
11	exercise lower back pain	https://doi.org/10.1002/14651858.CD000335.pub2	Can exercises relieve lower back pain?	Lower back pain is a common health issue. It can be chronic, acute or sub-acute with no identifiable cause. There are several exercises claiming reduction in non-specific low-back pain. A relevant document discusses whether exercises are helpful in reducing chronic or sub-acute low-back pain. The documents that do not mention non-acute low-back pain (i.e. chronic or sub-acute) should be regarded as not relevant.	1.0
12	circumcision hiv	https://doi.org/10.1002/14651858.CD003362.pub2	Is male circumcision helpful in reducing heterosexual men's chances of getting HIV?	Relevant documents will discuss the effectiveness of male circumcision, the surgical removal of some or all of the foreskin of the penis, for reducing the risk of heterosexual men becoming infected by HIV.	1.0
13	antidepressants low-back pain	https://doi.org/10.1002/14651858.CD001703.pub3	Find documents that discuss using antidepressants for helping to manage or relieve lower back pain.	Lower back pain is a common health problem which mostly doesn't have an identifiable cause. Antidepressants such as Tofranil, Anafranil and many others, are widely used by people with low-back pain in an attempt to relieve the pain and help with sleep. A relevant document should discuss, in the context of low-back pain, whether antidepressants can be used to manage pain, help people sleep, or increase productivity.	-1.0
14	breathing exercises kids with asthma	https://doi.org/10.1002/14651858.CD011017.pub2	Are breathing exercises helpful for children with asthma?	Breathing exercises are often recommended as a helpful treatment to reduce asthma's symptoms, such as shortness of breath and chest pain. A relevant document discusses whether breathing exercises can help asthma in children. Documents discussing breathing exercises for people with asthma, but not for children, should be regarded as irrelevant.	0.0
15	probiotics bacterial vaginosis	https://doi.org/10.1002/14651858.CD006289.pub2	Can probiotics treat bacterial vaginosis?	Bacterial vaginosis (BV) is a mild bacterial infection of the vagina. Consumption of probiotic medicines (e.g. pills, tablets) or probiotic rich products (e.g. yogurt) has been suggested as cure for BV. Relevant documents discuss the effectiveness of probiotics for treating BV.	0.0
16	magnesium muscle cramps	https://doi.org/10.1002/14651858.CD009402.pub2	Can magnesium prevent muscle cramps?	Muscle cramps, which occur in different skeleton muscles, are seen more frequently in older ages, pregnant women, and during exercise, but may also occur in any setting. One possible treatment suggested is consuming products containing magnesium, such as magnesium rich food or magnesium supplements. A relevant document should discuss whether or not magnesium consumption can prevent muscle cramps.	-1.0
17	lumbar supports lower back pain	https://doi.org/10.1002/14651858.CD001823.pub3	Can lumbar supports treat or prevent lower back pain?	Lumbar supports, also called as lumbar back support, lumbar spine support, corsets and braces, are wearable products that are introduced for treatment of lower back pain by providing support to the spine. Relevant documents discuss the effectiveness of lumbar supports in preventing new occurrences of or treating existing low-back pain. Documents that don't discuss the effectiveness of lumbar supports for low-back pain but for other spine issues, e.g. neck pain, should be regarded as irrelevant.	-1.0
18	electrical stimulation male urinary incontinence	https://doi.org/10.1002/14651858.CD001202.pub5	Can electrical stimulation devices treat male urinary incontinence?	Electric stimulation using non-implanted devices is suggested as a treatment for male urinary incontinence (urine leakage). A relevant document should discuss whether electrical stimulation with such devices can prevent urine leakage, or treat urinary incontinence in men.	-1.0
19	honey children cough	https://doi.org/10.1002/14651858.CD007094.pub5	Can honey offer relief from cough symptoms in children?	Relevant documents should discuss the effectiveness of using honey for relieving cough symptoms in children.	1.0
20	steroids spinal cord injury	https://doi.org/10.1002/14651858.CD001046.pub2	Can steroids be used as a treatment for spinal cord injury?	Relevant documents should discuss whether or not the steroid, methylprednisolone, is helpful for acute spinal cord injury.	1.0
21	acupuncture vascular dementia	https://doi.org/10.1002/14651858.CD004987.pub2	Can acupuncture treat vascular dementia?	Dementia is a set of symptoms associated with loss of memory or thinking skills. Vascular dementia (VaD) is a subclass of dementia that occurs when the circulation system fails to carry enough blood to the brain. Among other interventions having side effects, acupuncture is said to be an effective treatment of VaD. A relevant document discusses whether or not acupuncture is an effective treatment for VaD. Documents discussing other types of dementia (e.g. Alzheimer, Lewy Bodies) should be regarded as irrelevant.	0.0
22	hydroxyzine generalized anxiety disorder	https://doi.org/10.1002/14651858.CD006815.pub2	How effective is hydroxyzine (also known as Atarax) for treating generalized anxiety disorder?	Anxiety disorder is a common class of psychiatric disorders covering generalized anxiety disorder (GAD), panic attack, and phobia related disorders such as Acrophobia. Relevant documents should discuss the effectiveness of hydroxyzine (also sold under different brand names such as Atarax) for treating GAD or controlling GAD related anxiety, but may or may not mention other types of anxiety disorders.	-1.0
23	insulin gestational diabetes	https://doi.org/10.1002/14651858.CD012037.pub2	Is insulin an effective treatment for gestational diabetes?	Gestational diabetes (also known as gestational diabetes mellitus or GDM) is a subclass of diabetes that occurs during pregnancy and usually goes away after birth. However, GDM may have harmful consequences to the baby during birth and one solution suggested is insulin injections or anti-diabetic medicines. A relevant document discusses whether insulin or other anti-diabetic pharmacological medicines can be used to treat GDM. Documents not discussing GDM, but other types of diabetes (i.e. Type I and Type II), should be regarded as irrelevant.	0.0
24	yoga epilepsy	https://doi.org/10.1002/14651858.CD001524.pub3	Can yoga control epilepsy?	It has been suggested that some types of yoga involving postural and breathing exercises can help to control epileptic episodes and treat epilepsy. Relevant documents discuss whether yoga is effective at controlling epilepsy and helps to reduce the frequency or duration of seizures.	0.0
25	fish oil ulcerative colitis	https://doi.org/10.1002/14651858.CD005986.pub2	Can fish oil be used to maintain the remission of ulcerative colitis?	Ulcerative Colitis (UC) is an inflammatory disease affecting the rectum and colon and can eventually cause internal wounds. It has been suggested that fish oil can be used for people with UC to manage its symptoms. Relevant documents should discuss whether fish oil can be an effective solution to managing symptoms of UC.	0.0
26	vaccine common cold	https://doi.org/10.1002/14651858.CD002190.pub5	Can vaccines prevent the common cold?	The common cold is a viral infection with common symptoms such as sneezing, runny nose, sore throat etc. and is different than the flu (influenza). Relevant documents should discuss whether vaccines can prevent the common cold. Documents not discussing the effectiveness of vaccines on the common cold, e.g. they discuss influenza, should be regarded as not relevant.	0.0
27	antibiotics children wet cough	https://doi.org/10.1002/14651858.CD004822.pub3	Can antibiotics be used as a treatment for wet cough (productive or chesty cough) in children?	Wet cough, also known as a productive cough or chesty cough, is a cough that produces mucus or phlegm. In children, when a wet cough is persistent (e.g. for four weeks) it is considered a symptom of bacterial or viral infection that needs attention. Relevant documents discuss whether or not antibiotics can heal wet cough. Documents not discussing the effectiveness of antibiotics for persistent wet cough but for issues such as whooping cough, or ones not mentioning its effect on children should be regarded as irrelevant.	1.0
28	antibiotics whooping cough	https://doi.org/10.1002/14651858.CD004404.pub3	Can antibiotics be used as a treatment for whooping cough (pertussis)?	Pertussis (whooping cough) is a bacterial infection that causes episodes of acute cough and can lead to death. Relevant documents discuss the effectiveness of antibiotics to treat pertussis.	1.0
29	antibiotics children pneumonia	https://doi.org/10.1002/14651858.CD004874.pub4	Can antibiotics be use to treat community acquired pneumonia in children?	Antibiotics have been suggested as a treatment for children diagnosed with community acquired pneumonia, which is a different health issue than hospital acquired pneumonia. A relevant document should discuss this claim, whether or not antibiotics can heal children with pneumonia acquired outside hospitals. Documents discussing only hospital acquired pneumonia (nosocomial pneumonia) should be regarded as irrelevant.	1.0
30	aloe vera wounds	https://doi.org/10.1002/14651858.CD008762.pub2	Can you apply aloe vera to treat wounds?	Aloe vera is a cactus-like plant that has been used in cosmetic and skin care products. It has been suggested that aloe vera is useful as a wound remedy. Relevant documents discuss whether aloe vera, topically applied as a gel or cream, can heal wounds.	0.0
31	exercise hot flashes night sweats menopause	https://doi.org/10.1002/14651858.CD006108.pub4	Are exercises helpful in reducing hot flashes and night sweats in menopausal women?	Exercising has been suggested to ease vasomotor menopausal symptoms such as hot flashes/flushes and night sweats. Relevant documents discuss whether or not exercise can help to reduce hot flashes and night sweats in menopausal women.	0.0
32	ginkgo biloba tinnitus	https://doi.org/10.1002/14651858.CD003852.pub3	Can ginkgo biloba treat tinnitus?	It has been suggested that tinnitus (persistent ringing in the ears) can be reduced or eliminated with ginkgo biloba (an antioxidant rich herb) supplements. A relevant document discusses whether or not ginkgo biloba based products such as pills or ginkgo biloba rich food can help to reduce the severity of tinnitus.	-1.0
33	hypnotherapy quit smoking	https://doi.org/10.1002/14651858.CD001008.pub2	Does hypnotherapy help people quit smoking?	Some have suggested that hypnotherapy is a useful method to help quit smoking. Relevant documents discuss whether any type of hypnotherapy can be a treatment to help people quit smoking.	-1.0
34	exercises for female incontinence	https://doi.org/10.1002/14651858.CD005654.pub4	How effective are pelvic floor exercises for treating female incontinence?	Female urinary incontinence (UI, also known as urinary leakage) is leakage of urine due to lessening control over pelvic muscles, which may occur because of pregnancy, menopause, or other events that contribute to weakening of muscles. There are different types of UI, including but not limited to, stress incontinence, urge incontinence and mixed incontinence. Pelvic floor muscle training (PFMT) exercises such as kegels, squeeze-release and others have been claimed to be a treatment for urinary leakage. Relevant documents should discuss whether or not pelvic muscle exercises can cure female urinary incontinence of any type or improve its symptoms.	1.0
35	valerian anxiety disorder	https://doi.org/10.1002/14651858.CD004515.pub2	Is valerian an effective treatment for anxiety disorders?	Valerian is a plant used as a herbal remedy for a number of issues such as sleeplessness and anxiety. A relevant document discusses if valerian is an effective method to treat anxiety disorders.	0.0
36	dental sealants	https://doi.org/10.1002/14651858.CD001830.pub5	Are dental sealants helpful in preventing tooth decay?	Resin-based and glass ionomer sealants applied to teeth have been purported to prevent tooth decay (cavities and caries). Relevant documents should discuss whether or not dental sealants are an effective treatment to prevent tooth decay.	1.0
37	laxatives hemorrhoids	https://doi.org/10.1002/14651858.CD004649.pub2	Can taking laxatives help with hemorrhoids?	Hemorrhoids (aka piles) are swollen veins near the rectum and anus that cause itching, pain, and sometimes bleeding. Laxatives, such as fiber or laxative drugs, have been suggested to relieve hemorrhoid symptoms by loosening stools and increasing frequency of bowel movements. Relevant documents will discuss this claim and whether or not laxatives are beneficial in relieving hemorrhoid symptoms.	1.0
38	traction lower back pain	https://doi.org/10.1002/14651858.CD003010.pub5	Is lumbar traction an effective treatment for lower back pain?	Traction is a treatment that can be applied with machines or manually by physiotherapists and chiropractors. The method aims to treat lower back pain by increasing the space between vertebrae and realigning them. A relevant document discusses the effectiveness of traction for treating low-back pain.	-1.0
39	muscle relaxants back pain	https://doi.org/10.1002/14651858.CD004252	Can muscle relaxants be used to relieve back pain?	Muscle relaxants (or muscle relaxers) target the skeletal muscles to reduce their tension. Relevant documents discuss whether or not using muscle relaxants are effective for relieving back pain.	1.0
40	cinnamon diabetes	https://doi.org/10.1002/14651858.CD007170.pub2	Can cinnamon help people with diabetes?	It has been reported that cinnamon might be used to control blood-sugar levels and thus might help in the management of diabetes. There are three types of diabetes, Type I, type II and gestational diabetes (occurs during pregnancy). This topic excludes gestational diabetes. Relevant documents should discuss whether or not cinnamon can help people with diabetes.	-1.0
41	benzos alcohol withdrawal	https://doi.org/10.1002/14651858.CD005063.pub3	Can benzos (benzodiazepines) help with alcohol withdrawal?	Benzodiazepines, also commonly called benzos, are drugs that are mostly administered orally. A relevant document discusses the effectiveness of using benzos for alcohol withdrawal.	1.0
42	probiotics eczema	https://doi.org/10.1002/14651858.CD006135.pub3	Are probiotics an effective treatment for eczema?	Probiotics, bacteria beneficial for human health, are contained in some everyday food such as yogurt. It has been suggested that probiotics can be used to treat eczema, which is a skin problem that usually occurs as red, dry, and itchy skin but also occurs as other skin problems in different forms. A relevant document discusses the effectiveness of consuming products or medication containing probiotics to treat eczema.	-1.0
43	compression stockings varicose veins	https://doi.org/10.1002/14651858.CD008819.pub3	Are compression stockings helpful for varicose veins?	Varicose veins are widened veins visible under the skin. Relevant documents discuss whether or not compression stockings are helpful for initial treatment of varicose veins without venous ulceration.	0.0
44	vitamins epilepsy	https://doi.org/10.1002/14651858.CD004304.pub2	Can vitamins help manage epilepsy?	It has been suggested that some vitamins (e.g. folic acid, thiamine, vitamin D and vitamin E) are effective for controlling symptoms of epilepsy. Relevant documents discuss this claim, whether or not usage of vitamins can help to control epileptic episodes such as uncontrollable movements, loss of consciousness or awareness etc. or improve lives of people with epilepsy.	-1.0
45	caffeine asthma	https://doi.org/10.1002/14651858.CD001112.pub2	Can caffeine help people with asthma?	Asthma is a lung disease that has symptoms such as shortness of breath and chest pain. Caffeine-rich products such as coffee and tea are suggested to be effective to manage asthma symptoms. A relevant document discusses whether caffeine can relieve asthma or manage its symptoms. Documents discussing caffeine for treatment of other airway issues but not asthma should be regarded as irrelevant.	1.0
46	feverfew migraines	https://doi.org/10.1002/14651858.CD002286.pub3	Can feverfew prevent migraine headaches?	Feverfew, a plant native to Eastern Europe, is used as a herbal remedy for some diseases and for preventing migraines. A relevant document discusses whether feverfew is an effective treatment for prevention of migraines. Documents discussing other types of chronic and acute headaches but not migraines should be regarded as irrelevant.	0.0
47	insoles back pain	https://doi.org/10.1002/14651858.CD005275.pub2	Can insoles treat back pain?	Insoles (shoe inserts or foot orthotics) are suggested by some to prevent or treat back pain by absorbing the shock that is transmitted to spine or by correcting feet issues that may result in spine misalignment. A relevant document discusses whether using insoles can prevent occurrence of back pain or treat existing back pain.	-1.0
48	acupuncture asthma	https://doi.org/10.1002/14651858.CD000008.pub2	Is acupuncture helpful for easing the symptoms of chronic asthma?	Acupuncture is a well-known traditional medicine that has been practiced in Asian countries for centuries. It has been suggested that acupuncture can be helpful for easing asthma symptoms and could be a good alternative to medication with side effects. A relevant document discusses whether or not acupuncture is a helpful treatment for people with chronic asthma and eases its symptoms.	0.0
49	sulfasalazine rheumatoid arthritis	https://doi.org/10.1002/14651858.CD000958	Is sulfasalazine an effective treatment for rheumatoid arthritis?	Relevant documents discuss the effectiveness of using sulfasalazine for treating rheumatoid arthritis.	1.0
50	surgery obesity	https://doi.org/10.1002/14651858.CD003641.pub4	Is bariatric surgery effective for obesity?	Bariatric surgery (also known as obesity surgery and weight loss surgery) is an operation to reduce size of the stomach. Relevant documents discuss whether bariatric surgery in any form can be beneficial in treating obesity.	1.0
51	dehumidifiers asthma	https://doi.org/10.1002/14651858.CD003563.pub2	Can dehumidifiers be used to control asthma?	Dehumidification homes might improve lives of people with asthma. Dehumidifiers are electronic devices to control the level of humidity of environment which is suggested to contribute to factors that might affect asthma. A relevant document should discuss whether or not dehumidifiers can be used to control asthma symptoms or can improve lives of people with asthma.	-1.0
101	ankle brace achilles tendonitis	https://www.ncbi.nlm.nih.gov/pmc/articles/PMC3134723/	Will wearing an ankle brace help heal achilles tendonitis?	Achilles tendonitis is a condition where one experiences pain in the Achilles tendon located near the heel. An ankle brace is usually worn around the ankles to protect and limit movement. A very useful document would discuss the effectiveness of using ankle braces to help heal Achilles tendonitis. A useful document would help a user make a decision about the use of ankle braces for treating tendonitis by providing information about recommended treatments for Achilles tendonitis, ankle braces, or both.	-1.0
102	tepid sponge bath reduce fever children	https://pubmed.ncbi.nlm.nih.gov/9115527/	Is a tepid sponge bath a good way to reduce fever in children?	Fever can boost the immune system and therefore is a defense against infection.  A very useful document would discuss the effectiveness of taking a sponge bath to reduce fever in children. A useful document would help a user make a decision about the use of a sponge bath for reducing fever in children by providing information on recommended treatments for fever in children, the effects of sponge baths on children with fever, or both.	-1.0
103	folic acid dementia	https://pubmed.ncbi.nlm.nih.gov/14584018/	Can folic acid help improve cognition and treat dementia?	Dementia is a general term for loss of cognitive abilities that severely affects daily activities. Folates are vitamins essential to the development of the central nervous system. A very useful document would discuss the effectiveness of folic acid to improve cognition and treat dementia. A useful document would help a user decide if folic acid could help improve cognition for people with dementia by providing information on recommended treatments for dementia, or folic acid as a medical treatment, or both.	-1.0
104	duct tape warts	https://pubmed.ncbi.nlm.nih.gov/22972052/	Does duct tape work for wart removal?	Duct tape is a plastic and cloth backed adhesive tape commonly available and known to be useful for quick repairs.  Warts are skin growths caused by a viral infection.  A very useful document will discuss the effectiveness of applying duct tape to warts for their removal.  A useful document would help a user decide if duct tape is an effective remedy for warts by providing information on recommended methods to treat warts, and may or may not mention the use of duct tape for this purpose, but which do not directly address the effectiveness of duct tape for wart removal.	-1.0
105	put ice on a burn	https://www.uwhealth.org/news/the-right-way-to-treat-burns	Should I apply ice to a burn?	Many people commonly put on ice on burns in an attempt to stop the burning and pain. A very useful document would discuss the effectiveness of using ice to treat burns. A useful document would help a user decide if putting ice on burns is a recommended treatment by providing information on recommended treatments for burns and may not discuss ice as a treatment, or a useful document may discuss benefits or concerns for application of ice to skin.	-1.0
106	vitamin b12 sun exposure vitiligo	https://pubmed.ncbi.nlm.nih.gov/9394983/	Can vitamin b12 and sun exposure together help treat vitiligo?	Vitiligo is characterized by discolored patches on the skin because the skin loses its pigment cells (melanocytes). A very useful document would discuss the effectiveness of vitamin b12 and sun exposure together for vitiligo. A useful document help a user make a decision about using the combination of vitamin B12 and sunlight to treat vitiligo, and would provide information on recommended treatments for vitiligo, use of vitamin b12 and sun exposure, or both.	1.0
107	yoga asthma	https://pubmed.ncbi.nlm.nih.gov/27115477/	Does yoga improve the management of asthma?	Asthma is a condition that causes shortness of breath or chest pains due to narrowing airways. Yoga is an increasingly popular low-impact exercise --- claiming relaxation, strength improvements and overall health benefits. A very useful document would discuss the effectiveness of yoga in managing asthma symptoms. A useful document would help a user make a decision about use of yoga to help manage asthma by providing information on recommended treatments for asthma management, or medical benefits of practicing yoga, or both.	1.0
108	starve a fever, feed a cold	https://pubmed.ncbi.nlm.nih.gov/25688968/	Is starving a fever effective?	"A fever is an increase in body temperature due to an illness. To ""starve a fever"" is to fast, i.e. cease eating food.  A very useful article would comment on the efficacy of fasting as a method to reduce a fever and speed recovery and may also provide information on possible positive or negative effects of fasting on a fever. A useful document would help a user decide if it is effective to stop eating to treat a fever but would not provide a direct answer to the question of efficacy of fasting for fever reduction or getting well faster when sick with a fever.  A useful document may provide information on the effect of fasting while ill regardless of fever, or it may provide information on treatments for fever without mentioning fasting as a treatment."	-1.0
109	selenium cancer	https://pubmed.ncbi.nlm.nih.gov/29376219/	Does selenium help prevent cancer?	Selenium supplements are claimed to help prevent cancer. A very useful document would discuss the effectiveness of selenium to prevent cancer. A useful document would help a user decide about use of selenium as a cancer preventative by providing information on recommended ways to prevent cancer, the medical use of selenium, or both.	-1.0
110	birth control pill ovarian cysts treatment	https://pubmed.ncbi.nlm.nih.gov/24782304/	Will taking birth control pills treat an ovarian cyst?	Functional ovarian cysts are a common gynecological problem which may require surgical intervention in severe cases. The prescription of oral contraceptives correlated with a reduced incidence of functional ovarian cysts, and hence birth control pills are commonly prescribed with the benefit of preventing the incidence of ovarian cysts. A very useful document would discuss the effectiveness of oral contraceptives for treating existing ovarian cysts. A useful document would help a user decide if oral contraceptives can help treat existing ovarian cysts, as opposed to preventing ovarian cysts.  A useful document provides information on recommended treatments for ovarian cysts, health benefits or risks of oral contraceptives relevant to use of oral contraceptives as a treatment for health issues, or both.	-1.0
111	zinc supplements pregnancy	https://pubmed.ncbi.nlm.nih.gov/33724446/	Will taking zinc supplements improve pregnancy? 	Zinc is an essential mineral, and pregnant women require more zinc.  A very useful document would discuss the effectiveness of supplementing zinc for improving pregnancy outcomes. A useful document would help a user decide if zinc supplements are useful for improved pregnancy outcomes by providing information on recommended nutritional measures for maternal or neonatal health, zinc used for medical purposes, or both.	-1.0
112	evening primrose oil eczema	https://www.ncbi.nlm.nih.gov/pmc/articles/PMC292973/	Can evening primrose oil help treat eczema?	Atopic dermatitis (eczema), a common and chronic skin disorder, is characterized by red and inflamed skin. A very useful document would discuss the effectiveness of evening primrose oil effective to treat atopic dermatitis. A useful document would help a user decide if evening primrose oil is helpful for treating eczema by providing information on recommended treatments for eczema, the use of evening primrose oil as a medicine, or both.	-1.0
113	ankle brace broken ankle	https://pubmed.ncbi.nlm.nih.gov/27033333/	Do ankle braces help heal an ankle fracture? 	Ankle bone fractures are a common injury treated using braces, splints, casts, or surgical fixation with screws in more severe cases. A very useful document would discuss the effectiveness of ankle braces for the recovery of ankle bone fractures. A useful document would help a user make a decision about use of an ankle brace during recovery from an ankle bone fracture by providing information on recommended treatments for ankle fractures, or medical usage of ankle braces, or both.	1.0
114	vitamin e cream for skin scars	https://pubmed.ncbi.nlm.nih.gov/10417589/	Can applying vitamin E cream remove skin scars?	Skin scars form when a wound in the skin heals and leave marks on the skin that look and/or feel different from its normal appearance. Vitamin E is an antioxidant. Vitamin E cream is a cream with Vitamin E as an ingredient that could be applied to skin. A very useful document would discuss the efficacy of applying Vitamin E creams for improving the cosmetic appearance of scars. A useful document may include information about improving the cosmetic appearance of skin scars, the use of topical Vitamin E creams for skin, or both.	-1.0
115	magnesium migraine prevention	https://pubmed.ncbi.nlm.nih.gov/29131326/	Can magnesium help prevent migraine?	Migraines, commonly characterized by intense headaches, are a neurological condition that can cause multiple symptoms, such as nausea, vomiting, and sensitivity to light and sound. A very useful document would discuss the effectiveness of magnesium to prevent migraines. A useful document helps a user make a decision about using magnesium to prevent migraines, and do this by providing information on recommended treatments for preventing migraines, and magnesium for human consumption, either separately or together.	1.0
116	exercise diabetes	https://pubmed.ncbi.nlm.nih.gov/16855995/	Does exercise help manage diabetes?	Exercise is generally recommended for weight management, glycaemic control and overall health benefits for diabetes --- a condition where one's blood glucose is too high. A very useful document would discuss the effectiveness of exercise for managing diabetes through better control of blood-sugar levels. A useful document would help a user make a decision about using exercise for management of diabetes but would not provide a specific answer regarding the effectiveness of exercise or would only provide general information on recommended methods to manage diabetes.	1.0
117	fermented milk blood pressure	https://pubmed.ncbi.nlm.nih.gov/22513955/	Can fermented milk help mitigate high blood pressure?	As an important source of proteins and peptides, fermented milk products have been suggested to be used for controlling high blood pressure. A very useful document would discuss the effectiveness of fermented milk products to control high blood pressure. A useful document would help a user make a decision about fermented milk for treatment of high blood pressure by providing information on recommended treatments for high blood pressure, or the use of fermented milk as a medical treatment, or both.	-1.0
118	dupixent eczema	https://pubmed.ncbi.nlm.nih.gov/32927498/	Can dupixent treat eczema?	"Eczema, a common and chronic skin disorder, is characterized by red and inflamed skin. Dupilumab (brand name: ""Dupixent"") is a monoclonal antibody used to treat atopic dermatitis. A very useful document would discuss the effectiveness of ""Dupixent"" (dupilumab) for eczema. A useful document would help a user decide if dupilumab can treat eczema by providing information on recommended treatments for eczema, Dupixent (dupilumab), or both."	1.0
119	yoga arthritis	https://www.ncbi.nlm.nih.gov/pmc/articles/PMC6081169/	Does yoga help reduce pain from arthritis and improve physical function?	Arthritis is an acute or chronic inflammation of the joint with symptoms such as pain, stiffness and/or a decreased ability to move. Yoga is a practice that incorporates physical exercise, breath control and meditation. A very useful document would comment on the efficacy of practicing yoga to alleviate arthritic symptoms and to promote physical function and may also include details about yoga practice for treatment. A useful document would help a user make a decision about using yoga for treatment of arthritis and may include information on arthritis and its treatment, yoga, or both.	1.0
120	imitrex migraine	https://pubmed.ncbi.nlm.nih.gov/22336867/	Can the drug Imitrex (sumatriptan) treat acute migraine attacks?	A migraine is a disorder that causes headaches, nausea, and other symptoms. Sumatriptan is one of the triptan family of drugs used to treat migraine attacks and is available with prescription under the brand name Imitrex. A very useful document would discuss whether or not using Imitrex can treat acute migraine attacks and relieve symptoms such as pain and nausea. A useful document provides information that would help a user make a decision regarding use of imitrex for treatment of migraine and may include information about either treatments for migraines and or the drug Imitrex or both.	1.0
121	light therapy lamp depression	https://pubmed.ncbi.nlm.nih.gov/15106233/	Will buying a light therapy lamp help treat depression? 	Lamps have been marketed as an at-home solution to administer light therapy for seasonal affective disorder (SAD). A very useful document would discuss the effectiveness of light therapy to manage the symptoms of non-seasonal depression. A useful document would help a user make a decision about treating depression with light by providing information on treating depression, use of light therapy, or both. 	1.0
122	aleve migraine	https://pubmed.ncbi.nlm.nih.gov/24142263/	Does Aleve relieve migraine headaches?	Naproxen is a type of nonsteroidal anti-inflammatory drug used for pain relief. It is commonly available over-the-counter under different brand names such as Aleve, EC Naprosyn, Anaprox and more. A very useful document would discuss the effectiveness of naproxen for migraine pain management. A useful document would help a user make a decision about use of naproxen for migraine pain relief by providing information on recommended treatments for migraines, naproxen, or both.	-1.0
123	toothpaste pimple overnight	https://www.hopkinsallchildrens.org/Patients-Families/Health-Library/HealthDocNew/Does-Putting-Toothpaste-on-a-Pimple-Make-It-Go-Awa?id=0	Can I get rid of a pimple overnight by applying toothpaste?	A pimple is a pustule that develops when the pores on the skin get clogged. Toothpaste is a paste used to clean teeth. A very useful document would discuss whether or not to use toothpaste to get rid of a pimple. A useful document would help a user decide if applying toothpaste to a pimple is an effective means to clear a pimple by giving information about recommended treatments for pimples, the effect of toothpastes when applied to skin, or both.	-1.0
124	chondroitin supplement osteoarthritis joint disorder	https://pubmed.ncbi.nlm.nih.gov/25629804/	Can chondroitin help relieve the pain of osteoarthritis?	Osteoarthritis, the most common form of arthritis, occurs when the protective cartilage between bones wears down over time. Chondroitin is a dietary supplement and an important component of cartilage, which may prevent cartilage from breaking down and stimulate its repair mechanisms. A very useful document would discuss the effectiveness of chondroitin for treating osteoarthritis and relieving its pain. A useful document would help a user make a decision about using chondroitin for osteoarthritis pain relief by providing information on recommended treatments for osteoarthritis, chondroitin or both.	1.0
125	omega-3 fatty acids hypertriglyceridemia	https://pubmed.ncbi.nlm.nih.gov/31422671/	Can omega-3 help manage hypertriglyceridemia? 	Hypertriglyceridemia is a body condition where there are high levels of fatty molecules in the blood called triglycerides. The condition is associated with an increased risk for cardiovascular diseases. Omega-3 are essential fatty acids that could be found in foods such as fish, flax seeds or walnuts or in supplements such as fish oil. A very useful document would discuss whether or not taking Omega-3 can reduce triglycerides and help treat Hypertriglyceridemia and may comment on the dosage and frequency of Omega-3 intake. A useful document provides information that would help a user make a decision about using omega-3 for management of hypertriglyceridemia, and may discuss omega-3 and hypertriglyceridemia either together or separately.	1.0
126	probiotics prevention respiratory infections	https://pubmed.ncbi.nlm.nih.gov/25927096/	Can probiotics prevent respiratory infections?	Upper tract respiratory infections (UTRIs) are infections of the upper respiratory tract and include the common cold and inflammation of the trachea and larynx. Probiotics are beneficial bacteria and yeast that can be found in yogurt or dietary supplements. A very useful document would discuss the efficacy of probiotics intake to prevent UTRIs and may also comment on the amount and frequency of probiotics intake. A useful document provides information that would help a user make a decision regarding consumption of probiotics for prevention of UTRIs and may discuss either UTRIs and their treatment, and probiotics, either separately or together.	1.0
127	aromatherapy massage rheumatoid arthritis	https://pubmed.ncbi.nlm.nih.gov/27091583/	Can aromatherapy massage help manage rheumatoid arthritis?	Rheumatoid arthritis (RA) is a disease that causes inflammation and painful swelling due to the body's immune system attacking its own healthy cells. Aromatherapy massage is a type of massage using essential oils such as lavender, tea tree or peppermint. A very useful document would comment on the efficacy of aromatherapy massage to help manage pain and fatigue in patients with RA. A useful document may include information about RA, or aromatherapy massage, separately or together, that would help a user make a decision about treating RA with aromatherapy.	1.0
128	steam shower croup	https://www.webmd.com/children/news/20060314/humidity-may-not-help-kids-with-croup	Does steam from a shower help croup?	"Croup is an infection of the upper airway. It causes swelling, which can obstruct breathing and lead to a barking cough. A very useful document would discuss the effectiveness of humidifiers or taking a child into a bathroom and running a hot shower to ""steam up"" the air as a means to treat croup and restore breathing. A useful document would help a user decide if using a shower to steam up a bathroom can help croup by providing information on recommended treatments for croup, use of humid air for breathing difficulties, or both."	-1.0
129	minoxidil balding hair growth	https://pubmed.ncbi.nlm.nih.gov/27225981/	Can minoxidil treat hair loss?	Hair loss, also known as alopecia, affects a significant portion of the aging population. Minoxidil is the active ingredient in Rogaine, a consumer product marketed as a hair regrowth treatment to achieve fuller, thicker hair. A very useful document would discuss the effectiveness of minoxidil for the management of hair loss. A useful document would help a user make a decision about treating hair loss with minoxidil by providing information on effective treatments for hair regrowth, or medical guidance on minoxidil, or both.	1.0
130	hoxsey treatment	https://www.mcgill.ca/oss/article/quackery/hoxsey-hoax	Is the Hoxsey treatment a good cure for cancer?	Cancer is a disease where the cells in the body start to grow and spread uncontrollably. The Hoxsey treatment is a treatment promoted to cure cancer which involves diets and herbal tonics. A very useful document would discuss the efficacy of the Hoxsey treatment to cure cancer. A useful document would provide more information about recommended cancer treatments, the Hoxsey treatment, or both.	-1.0
131	l-theanine supplements anxiety	https://pubmed.ncbi.nlm.nih.gov/31758301/	Can l-theanine supplements reduce stress and anxiety?	L-theanine is an amino acid naturally contained in green tea, black tea, and some mushrooms. A very useful document would discuss the effectiveness of l-theanine supplements to reduce stress and anxiety. A useful document would provide information that would help a user make a decision about treating stress and anxiety with l-theanine.  Such a useful document may discuss l-theanine and treating stress and anxiety either together or separately.	1.0
132	inhaling steam common cold	https://pubmed.ncbi.nlm.nih.gov/28849871/	Does inhaling steam help treat common cold?	Inhaling warmed, humid air produced by hot water is a popular home remedy for the common cold. A very useful document would discuss the effectiveness of inhaling warmed, humid air to reduce common cold symptoms. A useful document would help a user decide if warmed, humid air is recommended for treating the common cold and its symptoms by providing information on recommended treatments for the common cold and may or may not mention inhaling humidified air, but does not provide a direct answer to the effectiveness of warm humid air for treating common cold symptoms.	-1.0
133	exercise depression	https://pubmed.ncbi.nlm.nih.gov/24026850/	Does exercise improve the symptoms of depression? 	Depression, a common mental health affliction, is frequently treated with antidepressants and/or psychotherapy, depending on the severity. Exercise plans are generally recommended as an alternative natural treatment to improve overall health and wellbeing. A very useful document would specifically discuss the effectiveness of exercise for managing depressive symptoms. A useful document would help a user make a decision about use of exercise to help depression by providing information on recommended treatments for fighting depression, how exercise might help, or both.	1.0
134	remove tick with vaseline	https://pubmed.ncbi.nlm.nih.gov/4000801/	Can I remove a tick by covering it with Vaseline?	Ticks are small, blood-sucking bugs that can carry harmful germs. Vaseline is a brand name for petroleum jelly. Some claim that Vaseline applied to ticks can block their ability to breathe and result in the tick detaching itself from the host.  A very useful article would discuss the effectiveness of using Vaseline to remove a tick. A useful document would help a user decide on use of Vaseline for tick removal by providing information on removal of ticks with or without mention of Vaseline, but would not directly answer the question of effectiveness of Vaseline for tick removal. 	-1.0
135	mayonnaise lice treatment	https://www.ncbi.nlm.nih.gov/pmc/articles/PMC2606079/	Can applying mayonnaise help get rid of lice?	Many household products, like mayonnaise (mayo) and olive oil, are popular remedies to treat lice, where the theory is that they can suffocate the lice. A very useful document would discuss the effectiveness of applying mayonnaise to get rid of lice. A useful document would help the user decide if mayo can get rid of lice by providing information on recommended methods to get rid of lice, or information about mayo relevant to its use as a treatment for lice, or both.	-1.0
136	dates iron deficiency anemia	https://www.ncbi.nlm.nih.gov/pmc/articles/PMC6927593/	Can eating dates help manage iron deficiency anemia?	Iron deficiency anemia (IDA) occurs when the body doesn't have enough mineral iron, which is needed to make hemoglobin. Dates are iron rich. A very useful document would discuss the effectiveness of eating dates for iron deficiency anemia. A useful document would help a user make a decision about eating dates as a treatment for iron deficiency anemia and provide information about IDA and its treatment, and dates as a source of iron, either separately or together.	1.0
137	vinegar fish bone stuck	https://www.drganent.com/blog/swallowed-a-fish-bone-this-is-how-it-is-removed-in-by-an-ent-specialist/	Will drinking vinegar dissolve a stuck fish bone?	Fish bones may get stuck when swallowed and can cause an infection if not taken out or they may migrate into deeper structures of the neck. Vinegar is an aqueous solution of acetic acid. A very useful article would discuss whether or not swallowing or drinking vinegar can dissolve a stuck fish bone and may provide more information on the reasons why. A useful document may give information on medical dangers of stuck fish bones, appropriate treatments for stuck fish bones, the effects of drinking vinegar, either separately or together.	-1.0
138	zinc common cold	https://pubmed.ncbi.nlm.nih.gov/23775705/	Can zinc help treat the common cold?	The common cold is an infection of the upper respiratory tract caused by a virus. Zinc is an essential mineral that is available in some foods or in dietary supplements. A very useful document would discuss whether or not taking Zinc can help treat the common cold and may also include information about the dosage and frequency of intake. A useful document would help a user decide if taking zinc could help treat the common cold by providing information about effective treatments for the common cold, the medical use of zinc, or both.	1.0
139	copper bracelets reduce pain	https://www.ncbi.nlm.nih.gov/pmc/articles/PMC3774818/	Can copper bracelets reduce the pain of arthritis?	Arthritis causes swelling and tenderness of joints. A very useful document would discuss the effectiveness of copper bracelets to treat arthritis. A useful document would help a user decide if copper bracelets reduce the pain of arthritis by providing information on recommended treatments for arthritis, or the use of copper bracelets for treating pain, or both.	-1.0
140	fungal cream athlete's foot	https://pubmed.ncbi.nlm.nih.gov/17636672/	Can fungal creams treat athlete's foot?	"Over-the-counter topical creams are available for at-home treatment of fungal infections on the feet --- also commonly referred to as ""athlete's foot"". A  very useful document would discuss the effectiveness of topical creams to treat feet fungal infections. A useful document would help a user make a decision about use of a fungal cream to treat athlete's foot by providing information on recommended treatments for athlete's foot or medical guidance on topical antifungal agents, or both."	1.0
141	cocoa butter reduce pregnancy stretch marks	https://pubmed.ncbi.nlm.nih.gov/25255817/	Does cocoa butter help reduce pregnancy stretch marks?	Pregnancy stretch marks happen during pregnancy when layers of tissue under the skin tears due to the skin being pulled tight. Cocoa butter is fat from cocoa beans. A very useful document would discuss the effectiveness of cocoa butter (cocoa butter products) to reduce pregnancy stretch marks. A useful document would help a user decide on the use of cocoa butter products for reduction of stretch marks by providing information on pregnancy stretch marks and their cosmetic treatment, cocoa butter as a skin treatment, or both.	-1.0
142	probiotics child diarrhea caused by antibiotics 	https://pubmed.ncbi.nlm.nih.gov/31039287/	Can probiotics prevent diarrhea caused by antibiotics in children?	Antibiotic-associated diarrhea (AAD) is a diarrhea that results from taking antibiotics that disturb the natural balance of beneficial versus non-beneficial bacteria in the digestive system which leads to an increase in harmful bacteria. Probiotics are beneficial bacteria and yeast that can be found in yogurt or dietary supplements. A very useful document would discuss whether or not taking probiotics can prevent AAD in children, and may also comment on frequency and amount of probiotics intake. A useful document would help the user make a decision about use of probiotics for prevention of AAD and include information about AAD and its prevention, probiotics, or both. 	1.0
143	tylenol osteoarthritis	https://pubmed.ncbi.nlm.nih.gov/16437479/	Does Tylenol manage the symptoms of osteoarthritis? 	Osteoarthritis (OA) is a degenerative chronic disease that causes joint pain, and is most frequently treated by reducing joint inflammation and managing discomforts. Paracetamol, also referred as acetaminophen or Tylenol, is a highly-accessible over-the-counter medication for general fever and pain relief. A very useful document would discuss the effectiveness of paracetamol for managing osteoarthritis. A useful document would help a user make a decision regarding treatment of osteoarthritis with Tylenol by providing information on recommended treatments for managing the symptoms of osteoarthritis, Tylenol, or both.	1.0
144	music therapy depression	https://pubmed.ncbi.nlm.nih.gov/29144545/	Can music therapy help manage depression?	Depression is a prevalent mood disorder which leads to loss of interest and pleasure. Music therapy refers to the use of music interventions to improve mental health by a professional therapist. A very useful document would discuss the effectiveness of music therapy for depression. A useful document would help a user make a decision about using music therapy for managing depression, and would provide information on recommended treatments for depression or medical benefits of music therapy or both.	1.0
145	omega 3 borderline personality disorder	https://pubmed.ncbi.nlm.nih.gov/12505817/	Can omega-3 treat borderline personality disorder in women?	Borderline personality disorder is a mental illness characterized by an instability in mood, impulsive actions, problems in relationship and self-image issues. Omega-3 fatty acids are essential fatty acids that could be found in foods such as fish, flax seeds or walnuts or in supplements such as fish oil. A very useful document would comment on the efficacy of taking Omega-3 to treat symptoms of borderline personality disorder, and may include information on dosage and frequency of Omega-3 intake. A useful document would help a user make a decision about treatment of the disorder with omega-3 fatty acids by providing information on borderline personality disorder and its treatment, and omega-3 fatty acids, either separately or together.	1.0
146	vitamin d asthma attacks	https://pubmed.ncbi.nlm.nih.gov/27595415/	Can vitamin D supplements improve the management of asthma?	Asthma is a condition that causes shortness of breath or chest pains due to narrowing airways. Vitamin D has been an increasingly-popular supplement recommended to combat a plethora of diseases claimed to be caused by general Vitamin D deficiencies in the population. A very useful document would discuss the effectiveness of supplementing Vitamin D to manage asthma. A useful document would help a user make a decision about using vitamin D to help manage their asthma by providing information on recommended treatment methods to manage asthma, vitamin D, or both.	1.0
147	baby soy formula prevent allergies	https://pubmed.ncbi.nlm.nih.gov/17054183/	Will feeding soy formula to my baby prevent the development of allergies?	Infant formulas have been marketed for the purposes of potentially lowering the chances of developing food intolerances. Soy-based baby formulas are commonly used to treat infants with allergy or intolerance to cow's milk protein, especially if the infant has a strong family history of dairy intolerance. A very useful document would discuss the effectiveness of feeding soy formula for the purposes of preventing allergy or food intolerance in infants. A useful document would help a user make a decision about the use of soy formula with the goal of preventing allergies in an infant.  A useful document would provide medical information on allergy prevention in infants with formula, use of soy formula, or both.	-1.0
148	chitosan weight loss	https://pubmed.ncbi.nlm.nih.gov/18646097/	Does chitosan help lose body weight?	Chitosan is a polysaccharide extracted from shells of crustaceans, such as lobsters and crabs, which is claimed to help lose body weight. A very useful document would discuss the effectiveness of chitosan to help lose body weight. A useful document would help a user decide about use of chitosan for weight loss by providing information on recommended treatments for losing body weight, the medical use of chitosan, or both.	-1.0
149	hip osteoarthritis at-home exercises	https://pubmed.ncbi.nlm.nih.gov/24756895/	Will at-home exercises manage hip osteoarthritis pain?	Different types of at-home land-based therapeutic exercises have been recommended to ease arthritis pain and to combat stiffness in joints for people with hip osteoarthritis (OA). A very useful document would discuss the effectiveness of land-based therapeutic exercise programmes for managing the symptoms of osteoarthritis. A useful document would help a user make a decision about using exercise to ease OA hip pain by providing treatment recommendations for osteoarthritis, home exercises for hip OA, or both.	1.0
150	antioxidant supplements fertility	https://pubmed.ncbi.nlm.nih.gov/32851663/	Will taking antioxidant supplements treat fertility problems? 	Couples with fertility problems may turn to dietary improvements such as supplementary oral antioxidants, which have been claimed to reduce oxidative stress in a person's well being. A very useful document would discuss the effectiveness of taking antioxidant supplements to improve fertility in women. A useful document would help a user decide on the usefulness of antioxidant supplements for improving female fertility by providing information on fertility, antioxidants, either separately or together. 	-1.0
151	tea bags clot blood pulled teeth	To be provided after evaluation.	Do tea bags help to clot blood in pulled teeth?	Tea bags are small bags containing dried tea that are used to make the drink known as tea.  When teeth are pulled, there is often bleeding.  This question is asking if moistened tea bags placed on the locations where teeth were pulled can be used to help clot and stop bleeding.	
152	crystals heal	To be provided after evaluation.	Can crystals heal?	This question is asking if placing semiprecious stones and crystals such as quartz, agate, amethyst or opal on different parts of the body can heal diseases or other ailments.	
153	collagen supplements osteoarthritis	To be provided after evaluation.	Can collagen supplements cure osteoarthritis?	Osteoarthritis is a degenerative joint disease. Collagen is used by the body to make connective tissues.  This question is asking if consumption of collagen supplements can cure osteoarthritis.	
154	cell phone cancer	To be provided after evaluation.	Can cell phones cause cancer?	Cell phones emit radio waves (non-ionizing radiation) while in use. Cancer is a disease where cells in the body grow uncontrollably and spreads.	
155	WD-40 arthritis	To be provided after evaluation.	Can you use WD-40 for arthritis?	WD-40 is an oil-based lubricant. Arthritis is a health condition where the joints are inflamed and swollen, with symptoms such as joint pain and stiffness.  This question is asking if an arthritis sufferer could get relief from the pain by rubbing WD-40 on their joints.	
156	mosquito bites sick	To be provided after evaluation.	Can mosquito bites make you sick?	A mosquito is a flying insect that can puncture a person's skin to feed on the person's blood, which is commonly called being bitten by a mosquito.	
157	cancer inherited	To be provided after evaluation.	Can cancer be inherited?	Cancer is a disease where cells in the body grow uncontrollably and spreads.  This question is asking if a person can inherit genes from their parents that will lead to the development of cancer in the person during the person's life.	
158	vaccines autism	To be provided after evaluation.	Are vaccines linked to autism?	"Vaccines provide protection from infectious diseases.  Wikipedia ( en.wikipedia.org/wiki/Autism_spectrum ) defines ""autism spectrum"" to be ""a range of neurodevelopmental conditions generally characterized by difficulties in social interactions and communication, repetitive behaviors, intense interests, and unusual responses to sensory stimuli."""	
159	baking soda cancer	To be provided after evaluation.	Can baking soda help to cure cancer?	Cancer is a disease where cells in the body grow uncontrollably and spreads. Baking soda is used as a leavening agent.  This question is asking if there is some way to use or consume baking soda to cure any type of cancer.	
160	squats knees	To be provided after evaluation.	Are squats bad for knees?	A squat is a strength exercise in which a person lowers their hips from a standing position and then stands back up.  Will performing squats harm knees in some way?	
161	ace inhibitors erectile dysfunction	To be provided after evaluation.	Do ACE inhibitors typically cause erectile dysfunction?	Ace inhibitors are a medication used to treat blood pressure.  Erectile dysfunction is a condition where it is difficult to achieve and maintain an erection for sex.	
162	morphine addictive	To be provided after evaluation.	Is morphine addictive?	Morphine is a medication that affects the central nervous system in order to treat severe pain.	
163	fruit juice diabetes	To be provided after evaluation.	Can fruit juice increase the risk of diabetes?	Fruit juice is a drink that comes from squeezing fruit.  Diabetes is a disease that affects a person's ability to use sugar.	
164	magnetic wrist straps arthritis	To be provided after evaluation.	Do magnetic wrist straps help with arthritis?	This question is asking if wearing magnetic jewelry can reduce pain from arthritis, especially osteoarthritis in hips and knees.	
165	sit ups	To be provided after evaluation.	Are sit ups bad for you?	The sit-up is an exercise to strengthen the abdominal muscles. This question is asking if performing sit ups may cause harm to the body.	
166	speech problems right handed left handed forced switch	To be provided after evaluation.	Can a speech problem be caused by right handed person being forced to left hand?	Speech problems include, but are not limited to, problems such as apraxia, stuttering, and lisping.  This question is asking if forcing a left handed child to always write with their right hand will cause speech problems.	
167	health benefits drinking your urine	To be provided after evaluation.	Are there health benefits to drinking your own urine?	This question is asking if drinking your own urine can help with asthma, arthritis, and allergies, along with other ailments.	
168	pink salt	To be provided after evaluation.	Is pink salt good for you?	Pink Himalayan salt is a rock salt mined from the Punjab region of Pakistan. This question is asking if consumption of pink salt has health benefits in comparison to common table salt.	
169	massage cellulite	To be provided after evaluation.	Can massage get rid of cellulite?	"Cellulite is the dimpling of skin over an area of the body. Massage is a process of rubbing and applying pressure to the body with the intent of either reducing tension in muscles or producing other benefits. To ""get rid of cellulite"" would be to make the skin smooth without dimples over a long-term period."	
170	fish oil cholesterol	To be provided after evaluation.	Can fish oil improve your cholesterol?	Fish oil is an oil extracted from oily fish.  The question is asking if consumption of fish oil can help with blood cholesterol levels to produce a health benefit.	
171	become addicted to weed	To be provided after evaluation.	Can you become addicted to weed?	"Marijuana, also known as weed, is a psychoactive drug.  Wikipedia ( en.wikipedia.org/wiki/Addiction ) defines addiction to be ""a neuropsychological disorder characterized by a persistent and intense urge to use a drug, despite substantial harm and other negative consequences."""	
172	vegan diets healthy	To be provided after evaluation.	Can vegan diets be healthy?	Veganism is the practice of abstaining from the use of animal products, particularly in diet. Vegan diets contain no products derived from animals, including meat, milk, cheese, and eggs.	
173	hydroquinone banned europe	To be provided after evaluation.	Is hydroquinone banned in Europe?	Hydroquinone is used as a topical application in skin whitening to reduce the color of skin.  This question is asking if European governments have banned the use of hydroquinone.	
174	men uti infections	To be provided after evaluation.	Do men get UTI infections?	Urinary tract infections are infections of the urinary system.	
175	carrots eyes	To be provided after evaluation.	Are carrots good for your eyes?	Carrots are a root vegetable commonly consumed either raw or cooked.  The question is asking if consumption of carrots has health benefits for eyes.	
176	methanol poison	To be provided after evaluation.	Is methanol poisonous?	Methanol is a type of alcohol.	
177	mri harm baby	To be provided after evaluation.	Can an MRI harm my baby?	Magnetic resonance imaging (MRI) is a medical imaging technique used to form pictures of the anatomy and the physiological processes of the body.  The question should be understood to be asking if a pregnant mother needed an MRI, would that MRI harm her baby?	
178	exercise lower cholesterol	To be provided after evaluation.	Can exercise lower cholesterol?	Exercise is physical activity that increases the heart rate. Cholesterol is a type of lipid found in the blood. High levels of cholesterol can increase the risk of heart problems.	
179	chewing gum lose weight	To be provided after evaluation.	Can chewing gum help lose weight?	Chewing gum is a candy that you chew without swallowing.	
180	sunglasses help prevent cataracts	To be provided after evaluation.	Can sunglasses help prevent cataracts?	Sunglasses lower the amount of light that enters the eye.  Cataracts are cloudy areas in the lens of the eyes.	
181	aids chimps	To be provided after evaluation.	Did AIDS come from chimps?	Acquired immunodeficiency syndrome (AIDS) is a chronic condition caused by infection with human immunodeficiency virus (HIV). A person with AIDS has a weakened immune system, which makes it difficult to fight off other diseases. Chimp is short for chimpanzee, which is a type of great ape.	
182	too much water	To be provided after evaluation.	Is too much water bad for you?	This question is asking if it is possible for people to drink so much water that it becomes harmful.	
183	HIV from sweat	To be provided after evaluation.	Can HIV be transmitted through sweat?	HIV is short for human immunodeficiency virus. Humans perspire, or sweat, by excreting a fluid from the skin, which then evaporates and cools the body.  While it is well-known that HIV can be transmitted via many body fluids, this question is asking if it is possible for HIV to be transmitted via sweat.	
184	himalayan salt lamps health benefits	To be provided after evaluation.	Do Himalayan salt lamps have health benefits?	Himalayan salt lamps are amber-colored chunks of rock salt that are hollowed out so that a light bulb can fit inside. This question is asking if these lamps have health benefits such as cleaning the air, helping with allergies, boosting mood, and improving sleep.	
185	get pregnant while breastfeeding	To be provided after evaluation.	Can a woman get pregnant while breastfeeding?	Breastfeeding is the action of feeding human breast milk to a baby.  This question is asking if a mother, who is still breastfeeding a baby, can get pregnant or if breastfeeding will act as birth control and prevent pregnancy.	
186	statins permanent cognitive impairment	To be provided after evaluation.	Can statins cause permanent cognitive impairment?	Statins are drugs taken to lower cholesterol.  Cognitive impairment includes problems such as memory loss and confusion.	
187	vitamin C prevent colds	To be provided after evaluation.	Does Vitamin C prevent colds?	Vitamin-C is a vitamin found in citrus fruits and vegetables and can also be taken as a supplement. It is important for many body functions such as repairing of body tissue and growth. A cold is an upper respiratory tract infection caused by virus. The question is asking if consumption of vitamin C, in some way, can prevent one from catching a cold.	
188	coffee weight loss	To be provided after evaluation.	Can coffee help you lose weight?	Coffee is a commonly consumed drink made using hot water and ground coffee beans.  This question is asking if consuming coffee, in some way, could aid weight loss.	
189	lemon water belly fat	To be provided after evaluation.	Does drinking lemon water help with belly fat?	Lemon water is lemon juice combined with hot or cold water.  The question is asking if drinking lemon water can help a person lose fat around their belly.	
190	deli meat colon cancer	To be provided after evaluation.	Does deli meat increase your risk of colon cancer?	Deli meats are meats that are processed to increase their storage life via curing or other methods and are commonly also known as lunch meats or cold cuts and used for sandwiches.  Colon cancer is cancer of the colon (large intestine).  The question is asking if consumption of deli meat will increase the risk that a person develops colon cancer.	
191	skin tags contagious	To be provided after evaluation.	Are skin tags contagious?	Skin tags are small growths on the skin. The question is asking if one person with skin tags can somehow spread the tags to another person.	
192	oil pulling cavities	To be provided after evaluation.	Can oil pulling heal cavities?	Oil pulling is a traditional folk remedy, in which an edible oil is swished around the mouth for a period of time and then spat out. Cavities are areas of tooth decay.	
193	high fiber diet hemorrhoids	To be provided after evaluation.	Does a high fiber diet help with hemorrhoids?	Fiber is part of plant foods that the body cannot digest. A high-fiber diet is one that includes as much or more than the recommended amount of fiber. Hemorrhoids is an uncomfortable and sometimes painful health condition that happens when veins in and around the rectum and anus get swollen.	
194	grapefruit interfere medication	To be provided after evaluation.	Can grapefruit interfere with medication?	This question is asking if eating grapefruit and taking medication at the same time can have negative consequences because the grapefruit affects the function of the medication.	
195	vape pens harmful	To be provided after evaluation.	Can vape pens be harmful?	A vape pen or electronic cigarette is an electronic device that simulates tobacco smoking. It consists of an atomizer, a power source such as a battery, and a container such as a cartridge or tank.  The question is asking if using a vape pen, i.e. vaping, is harmful to one's health.	
196	bananas diabetes	To be provided after evaluation.	Do bananas increase the risk of diabetes?	Bananas are a fruit.  Diabetes is a disease that affects a person's ability to use sugar. The question is asking if consumption of bananas as part of one's diet will increase one's risk of developing diabetes.	
197	wifi health	To be provided after evaluation.	Is wifi harmful for health?	WiFi is a family of wireless network protocols, which are commonly used for local area networking of devices and Internet access, allowing nearby digital devices to exchange data by radio waves.  The question is asking if exposure to wifi radio waves could be harmful to health.	
198	apple cider vinegar weight loss	To be provided after evaluation.	Does drinking apple cider vinegar help lose weight?	Apple cider vinegar (ACV) is a type of vinegar used in cooking.  The apple cider vinegar diet involves consumption of a couple of tablespoons of ACV each day.  This question is asking if the ACV diet helps people lose weight.	
199	ginger nausea	To be provided after evaluation.	Does ginger help with nausea?	Ginger is a root used in cooking. Nausea is a condition of uneasiness of the stomach where one feels like vomiting but doesn't necessarily vomit.  The question is asking if ginger can be used in some way, for example by consumption, to prevent, reduce, or end a person's nausea.	
200	cold sore genital herpes	To be provided after evaluation.	Can a cold sore cause genital herpes?	Oral herpes can produce cold sores on or around the mouth.  Genital herpes is caused by infection by herpes simplex virus types 1 and 2 (HSV-1 and HSV-2).  Oral herpes is caused by HSV-1.  The question is asking if someone with oral herpes could infect another person with genital herpes via oral sex.	
